test_id,public_no,title,abstract_excerpt,claims_excerpt,gold_labels,gold_protein_type,gold_protein_function,gold_separation_technology,source_dataset,example_authority
T001,CN119453323A,一种促进骨骼肌发育的小儿配方食品,本发明提供了一种促进骨骼肌发育的小儿配方食品，该小儿配方食品包括乳铁蛋白和吡咯喹啉醌二钠盐，二者重量比为20:1‑30:1。该小儿配方食品具有促进骨骼肌发育的效果，确保小儿能够充分吸收和利用这些关键营养素，显著改善肌肉质量、肌肉力量以及肌肉功能。,1.一种小儿配方食品，其含有乳铁蛋白和吡咯喹啉醌二钠盐组合物，所述乳铁蛋白和吡咯喹啉醌二钠盐的重量比为20:1-30:1。_x000D_ 10.一种组合物在制备促进骨骼及发育的产品中的应用，其中，所述的组合物含有乳铁蛋白和吡咯喹啉醌二钠盐，所述乳铁蛋白和吡咯喹啉醌二钠盐的重量比为20:1-30:1；优选地，所述的产品为小儿配方食品。,蛋白类型 > 乳清蛋白 > 乳铁蛋白 | 蛋白功能 > 健骨 | 蛋白功能 > 增肌,蛋白类型 > 乳清蛋白 > 乳铁蛋白,蛋白功能 > 健骨 | 蛋白功能 > 增肌,,milk_protein_labeling_testset/test_gold.csv,legacy_path_reference_only_do_not_override_v2_rules
T002,KR102750114B1,"유청 단백 가수분해물을 포함하는 수면장애의 예방, 개선 또는 치료용 조성물","본 발명은 유청 단백 가수분해물을 유효성분으로 포함하는 수면장애의 예방, 개선 또는 치료용 조성물에 관한 것이다. 본 발명의 유청 단백 가수분해물을 포함하는 조성물을 활용하면 약물 의존증 및 두통 등의 부작용이 적으면서 수면시간의 증가, 각성시간의 감소, NREM 수면시간의 증가, REM 수면시간의 감소, GABAA 수용체(gamma-aminobutyric acid A receptor) 유전자의 발현량 증가 및 세로토닌 수용체 유전자의 발현량 증가를 통하여 수면장애를 예방, 개선 또는 치료할 수 있다.","청구항 1_x000D_ 유청 단백 가수분해물을 유효성분으로 포함하는 수면장애의 예방, 개선 또는 치료용 약제학적 조성물에 있어서,상기 유청 단백 가수분해물은 유청 단백에 알칼레이즈(Alcalase) 및 프로자임(Prozyme) 효소를 처리하여 얻은 가수분해물인, 조성물._x000D_ 청구항 10_x000D_ 유청 단백 가수분해물을 포함하는 수면장애의 예방 또는 개선용 식품 조성물에 있어서,상기 유청 단백 가수분해물은 유청 단백에 알칼레이즈 및 프로자임 효소를 처리하여 얻은 가수분해물인, 조성물._x000D_ 청구항 11_x000D_ a) 유청 단백에 알칼레이즈 효소를",蛋白类型 > 其他乳蛋白 > 乳肽 | 蛋白功能 > 改善睡眠,蛋白类型 > 其他乳蛋白 > 乳肽,蛋白功能 > 改善睡眠,,milk_protein_labeling_testset/test_gold.csv,legacy_path_reference_only_do_not_override_v2_rules
T003,CN119241680A,ACE抑制肽VR8、其应用及制备方法,本发明公开了ACE抑制肽VR8、其应用及制备方法，涉及生物技术领域，其技术方案要点包括所述ACE抑制肽VR8的氨基酸序列为：VPNSAEER。本发明还公开了ACE抑制肽VR8在辅助降血压功能食品中的应用。本发明得到的ACE抑制肽VR8从牛奶酪蛋白中提取得到，在有效抑制体外ACE活性时控制血压，同时兼具特异性高、毒副作用小和疗效好优势，以便于提高药剂量的方式满足日常使用和保健需求。,1.一种ACE抑制肽VR8，其特征在于：所述ACE抑制肽VR8的氨基酸序列为：VPNSAEER。_x000D_ 3.一种ACE抑制肽VR8的应用，其特征在于：包括采用如权利要求1或2所述的ACE抑制肽VR8并应用于辅助降血压功能食品。_x000D_ 4.一种用于制备如权利要求1或2所述的ACE抑制肽VR8的方法，其特征在于，包括如下步骤：_x000D_ 步骤1、取牛奶酪蛋白，加入蛋白酶进行酶解，控制酶解温度为37℃-55℃，加酶量为2%-6%，PH大于7，酶解时间为3h-12h，获得酶解产物；_x000D_ 步骤2、对酶解产物进行过滤，去除残渣后得到澄清的多肽酶解液，将多肽酶解液冻干处理后得到多肽冻干粉。,蛋白类型 > 其他乳蛋白 > 乳肽 | 分离技术手段 > 膜分离 > 过滤，超滤或反渗透 | 分离技术手段 > 定向酶解 | 蛋白功能 > 降压,蛋白类型 > 其他乳蛋白 > 乳肽,蛋白功能 > 降压,分离技术手段 > 膜分离 > 过滤，超滤或反渗透 | 分离技术手段 > 定向酶解,milk_protein_labeling_testset/test_gold.csv,legacy_path_reference_only_do_not_override_v2_rules
T004,CN118556870B,一种营养组合物及其在改善大脑、神经和认知发育中的应用,本发明涉及食品技术领域，具体涉及一种营养组合物及其在改善大脑、神经和认知发育中的应用。本发明提供的营养组合物包含中长链脂肪酸甘油三酯和酪蛋白磷酸肽，该组合物中，中长链脂肪酸甘油三酯和酪蛋白磷酸肽协同作用，显著提高了组合物改善大脑、神经和认知发育的作用效果。该组合物可用于预防或改善脑发育迟缓以及神经系统和认知发育迟缓；同时，还可以用于预防或改善学习能力受损、精神行为受损、记忆力受损或注意广度降低等，具有较好的应用前景。,1.一种营养组合物，其特征在于，所述营养组合物包含质量比为（8-25）：1的中长链脂肪酸甘油三酯和酪蛋白磷酸肽。_x000D_ 3.权利要求1或2所述的营养组合物在制备用于改善大脑或认知发育的产品中的应用。_x000D_ 5.权利要求1或2所述的营养组合物在制备用于增强学习和/或记忆功能的产品中的应用。_x000D_ 7.权利要求1或2所述的营养组合物在非疾病治疗目的的改善大脑或认知发育中的应用。_x000D_ 8.权利要求1或2所述的营养组合物在非疾病治疗目的的增强学习和/或记忆功能中的应用。_x000D_ 9.一种产品，其特征在于，所述产品包含权利要求1或2所述的营养组合物。,蛋白类型 > 其他乳蛋白 > 乳肽 | 蛋白功能 > 抗神经退行性 | 蛋白功能 > 促进脑发育,蛋白类型 > 其他乳蛋白 > 乳肽,蛋白功能 > 抗神经退行性 | 蛋白功能 > 促进脑发育,,milk_protein_labeling_testset/test_gold.csv,legacy_path_reference_only_do_not_override_v2_rules
T005,CN118787031A,一种含乳铁蛋白的营养组合物、生产工艺及其应用,本发明的含乳铁蛋白的营养组合物，由于含有了乳铁蛋白、免疫球蛋白、维生素A、维生素E、维生素B6、维生素C，且还含有益生菌等，且营养组合物中各组分的重量百分比选择了一个比较适合的配比，使得营养组合物具备了显著的增强免疫力功效和抗病毒性肺炎功效，另外本发明还提供了含乳铁蛋白的营养组合物的生产工艺，将混合、浓缩及喷雾集成到浓缩干燥设备中进行，由于包括了能够在圆形和椭圆形之间进行形态切换的外动态变形筒的内动态混合筒组，能够驱动浓缩区内的混合液在内动态混合筒组限定内的内动态液腔和限定外的外动态液腔内进行运动，从而使得其能够充分进行混合，提高生产效率，使得生产出的营养组合物组分分布更均匀。,1.一种含乳铁蛋白的营养组合物，其特征在于：所述营养组合物由乳清粉、奶粉，乳铁蛋白组成，还含有维生素A、维生素E、维生素B6和维生素C。_x000D_ 7.一种如权利要求1-6任意一项权利要求的含乳铁蛋白的营养组合物的生产工艺，其特征在于：所述生产工艺包括如下步骤：_x000D_ 步骤一：生牛乳处理：_x000D_ 将新鲜牛乳通过净乳、巴氏杀菌后，在经过高压均质，存储备用；_x000D_ 步骤二：初步混料、浓缩：_x000D_ 将经过高压均质的新鲜牛乳与经过巴氏杀菌的新鲜乳清液进行混合搅拌形成混合液一，并通过加热将奶液固形物含量浓缩至一定含量；_x000D_ 步骤三：喷雾干燥：_x000D_ 将浓缩后的混合液一通过喷头喷出，并通过通,蛋白类型 > 乳清蛋白 > 乳铁蛋白 | 蛋白功能 > 免疫调节 | 蛋白功能 > 抗菌抗病毒,蛋白类型 > 乳清蛋白 > 乳铁蛋白,蛋白功能 > 免疫调节 | 蛋白功能 > 抗菌抗病毒,,milk_protein_labeling_testset/test_gold.csv,legacy_path_reference_only_do_not_override_v2_rules
T006,CN118766091A,一种营养组合物在提高肠道内短链脂肪酸含量中的应用,本发明涉及一种营养组合物在提高肠道内短链脂肪酸含量中的应用，属于营养组合物技术领域。本发明的营养组合物包括乳铁蛋白和益生元，可以有效调节肠道菌群的代谢物短链脂肪酸，尤其是乙酸、丙酸、丁酸。在发酵过程中，肠道菌群的多样性不断增加，使得代谢产生的代谢物短酸脂肪酸不断地增多。该营养组合物可以增加中老年便秘人群中的肠道短链脂肪酸的含量。,1.一种营养组合物在提高肠道内短链脂肪酸含量中的应用，其特征在于，所述营养组合物包括乳铁蛋白和益生元。,蛋白类型 > 乳清蛋白 > 乳铁蛋白 | 蛋白功能 > 免疫调节 | 蛋白功能 > 促进肠道健康,蛋白类型 > 乳清蛋白 > 乳铁蛋白,蛋白功能 > 免疫调节 | 蛋白功能 > 促进肠道健康,,milk_protein_labeling_testset/test_gold.csv,legacy_path_reference_only_do_not_override_v2_rules
T008,CN118754970A,一种载锌乳铁蛋白制备方法、载锌乳铁蛋白和应用,本发明公开了一种载锌乳铁蛋白制备方法、载锌乳铁蛋白和应用，包括：S1，将天然乳铁蛋白粉末溶解于纯水后置于透析袋中，放进脱铁缓冲溶液中进行透析，将透析后的透析袋放进纯水中继续进行透析；S2，将透析后的透析袋溶液用冻干机进行真空冷冻干燥，得到脱铁乳铁蛋白粉末，将脱铁乳铁蛋白粉末溶解于结合缓冲液中，加入适量的硫酸锌溶液结合；S3，将结合反应结束后的溶液置于透析袋中，放进结合缓冲溶液中进行透析，将透析后的透析袋放进纯水中继续进行透析；S4，将透析后的透析袋溶液用冻干机进行真空冷冻干燥，得到载锌乳铁蛋白粉末。本发明所述方法制备得的载锌乳铁蛋白经电感耦合等离子体质谱（ICP‑MS）测定，含锌量高达140 mg/100 g，螯合率高达87%。,1.一种载锌乳铁蛋白的制备方法，其特征在于，包括：_x000D_ S1，将天然乳铁蛋白粉末溶解于纯水后置于透析袋中，放进脱铁缓冲溶液中进行透析，将透析后的透析袋放进纯水中继续进行透析；_x000D_ S2，将透析后的透析袋溶液用冻干机进行真空冷冻干燥，得到脱铁乳铁蛋白粉末，将脱铁乳铁蛋白粉末溶解于结合缓冲液中，加入适量的硫酸锌溶液结合；_x000D_ S3，将结合反应结束后的溶液置于透析袋中，放进结合缓冲溶液中进行透析，将透析后的透析袋放进纯水中继续进行透析；_x000D_ S4，将透析后的透析袋溶液用冻干机进行真空冷冻干燥，得到载锌乳铁蛋白粉末。_x000D_ 8.权利要求1-7任一所述的制备方法制备得到的载锌乳铁蛋白。_x000,蛋白类型 > 乳清蛋白 > 乳铁蛋白 | 分离技术手段 > 膜分离 > 过滤，超滤或反渗透 | 蛋白功能 > 抗氧化,蛋白类型 > 乳清蛋白 > 乳铁蛋白,蛋白功能 > 抗氧化,分离技术手段 > 膜分离 > 过滤，超滤或反渗透,milk_protein_labeling_testset/test_gold.csv,legacy_path_reference_only_do_not_override_v2_rules
T009,CN118726517A,一种鲜奶级酪蛋白活性肽的制备方法,本发明涉及食品技术领域，尤其涉及一种鲜奶级酪蛋白活性肽的制备方法。本发明通过选择碱性蛋白酶和风味蛋白酶序贯酶解，联合控制两步酶解过程中温度、pH以及酶解时间在合适的范围内，之后结合膜分离手段获得了平均分子量小于1KDa的鲜奶级酪蛋白活性肽，具有较好的生物利用度和抗疲劳生物活性，可使机体快速恢复体力。,1.一种鲜奶级酪蛋白活性肽的制备方法，其特征在于，包括：_x000D_ (1)将酪蛋白胶束粉溶解后制得酪蛋白溶液；_x000D_ (2)将所述酪蛋白溶液先用碱性蛋白酶酶解，然后经过5KDa的陶瓷膜分离后，将获得的透过液用风味蛋白酶酶解，制得酶解液；_x000D_ 所述碱性蛋白酶酶解的条件包括：pH值为6～9，酶解温度为50℃～70℃，酶解时间为2～4h；_x000D_ 所述风味蛋白酶酶解的条件包括：pH值为5～8，酶解温度为50℃～60℃，酶解时间为3～4h；_x000D_ (3)将所述酶解液经过1KDa的陶瓷膜分离后，制得所述鲜奶级酪蛋白活性肽。_x000D_ 7.一种鲜奶级酪蛋白活性肽或鲜奶级酪蛋白活性肽粉，其特征在于，其由权利,蛋白类型 > 其他乳蛋白 > 乳肽 | 分离技术手段 > 膜分离 | 蛋白功能 > 抗氧化,蛋白类型 > 其他乳蛋白 > 乳肽,蛋白功能 > 抗氧化,分离技术手段 > 膜分离,milk_protein_labeling_testset/test_gold.csv,legacy_path_reference_only_do_not_override_v2_rules
T010,CN111801109B,能够改善认知功能的肽,本发明解决的课题是提供：具有优异的抑制认知功能劣化并改善认知功能的效果的肽；和所述肽的用途。在本发明中，由式：Tyr‑Leu‑Gly表示的三肽用作认知功能改善用组合物或海马中脑源性神经营养因子表达增强用组合物的活性成分。这些组合物包括食品组合物、食品添加用组合物和药物组合物。,1.由Tyr-Leu-Gly表示的三肽在用于改善胰岛素抵抗的组合物的制造中的用途。,蛋白类型 > 其他乳蛋白 > 乳肽 | 蛋白功能 > 降糖 | 蛋白功能 > 抗神经退行性,蛋白类型 > 其他乳蛋白 > 乳肽,蛋白功能 > 降糖 | 蛋白功能 > 抗神经退行性,,milk_protein_labeling_testset/test_gold.csv,legacy_path_reference_only_do_not_override_v2_rules
T011,CN118575955A,包含乳脂肪和免疫球蛋白的营养组合物,一种合成的营养组合物，其包含：反刍动物乳脂肪，其中该乳脂肪能够在芳香烃受体(AhR)活性测定中活化该AhR；和反刍动物免疫球蛋白。,1.一种合成的营养组合物，其包含：_x000D_ i.反刍动物乳脂肪，其中该乳脂肪能够在芳香烃受体(AhR)活性测定中活化该AhR；和_x000D_ ii.反刍动物免疫球蛋白，该反刍动物免疫球蛋白的量在115μg与50mg/克干组合物之间；_x000D_ 其特征在于至少30％的反刍动物免疫球蛋白是非变性的；_x000D_ 并且其中乳脂肪的量在10与60g脂肪/100克配方之间，其中反刍动物脂肪的量在如对脂肪的总量确定的5wt％与90wt％之间。_x000D_ 14.如权利要求1至13中任一项所述的营养组合物在早产儿配方、婴儿配方、后续配方或幼儿配方中的用途。,蛋白类型 > 乳清蛋白 > 乳铁蛋白 | 蛋白功能 > 免疫调节 | 蛋白功能 > 促进肠道健康,蛋白类型 > 乳清蛋白 > 乳铁蛋白,蛋白功能 > 免疫调节 | 蛋白功能 > 促进肠道健康,,milk_protein_labeling_testset/test_gold.csv,legacy_path_reference_only_do_not_override_v2_rules
T012,CN117941742B,一种促进蛋白质吸收的营养组合物及其用途,本发明公开了一种促进蛋白质吸收的营养组合物及其用途，具体地，所述的营养组合物包括α‑乳清蛋白、β‑酪蛋白和镁盐，α‑乳清蛋白、β‑酪蛋白和镁盐中镁的质量比为（0.9‑9.2）：（1.1‑9.0）：（0.02‑0.08），α‑乳清蛋白占总蛋白含量的9%‑50%、β‑酪蛋白占总蛋白含量的10.5%‑60%。该营养组合物可促进蛋白质吸收、增加游离氨基酸吸收总量、促进氨基酸转运蛋白（SLC6A14）和寡肽转运蛋白（PEPT1）的表达。,1.一种营养组合物或包括该营养组合物的食品在制备促进蛋白质吸收的产品中的应用，所述的营养组合物包括α-乳清蛋白、β-酪蛋白和镁盐，α-乳清蛋白、β-酪蛋白和镁盐中镁的质量比为（2.2-6.5）：（2.2-6.4）：（0.02-0.08），α-乳清蛋白占总蛋白含量的21%-44%，β-酪蛋白占总蛋白含量的26%-56%，所述的促进蛋白质吸收包括增加游离氨基酸吸收总量；所述的镁盐为氯化镁。_x000D_ 2.一种营养组合物或包括该营养组合物的食品在制备促进氨基酸转运蛋白表达的产品中的应用，其中，所述的氨基酸转运蛋白包括SLC6A14，所述的营养组合物包括α-乳清蛋白、β-酪蛋白和镁盐，α-乳清蛋白、β-酪蛋白和镁盐中镁的质量比为（2.2,蛋白类型 > 乳清蛋白 > α-乳白蛋白 | 蛋白类型 > 酪蛋白 > β-酪蛋白 | 蛋白功能 > 促进消化,蛋白类型 > 乳清蛋白 > α-乳白蛋白 | 蛋白类型 > 酪蛋白 > β-酪蛋白,蛋白功能 > 促进消化,,milk_protein_labeling_testset/test_gold.csv,legacy_path_reference_only_do_not_override_v2_rules
T013,CN118320065A,改善肌肉衰减和促进成肌分化的组合物及其应用,本发明涉及功能性组合物技术领域，尤其涉及一种改善肌肉衰减和促进成肌分化的组合物及其应用。本发明延缓骨骼肌衰老的方法，通过采用一定浓度的乳铁蛋白与肌酸联合试剂，对由长期注射D‑半乳糖而构建的衰老型小鼠进行营养干预。结果表明，经过营养干预的小鼠的肌肉力量、肌肉质量、肌肉功能、瘦肉含量等指标对比模型组、乳铁蛋白组和肌酸组都有明显的改善效果。本发明提出了乳铁蛋白联合肌酸在延缓肌肉衰减症中的新用途，证明了乳铁蛋白与肌酸联合营养干预策略具有抑制骨骼肌衰老的发生及发展作用，可为临床疾病的预防提供新策略，在肌肉衰减症的防治及改善均具有良好的应用前景。,1.一种改善肌肉衰减和促进成肌分化的组合物，其特征在于，_x000D_ 所述组合物包括乳铁蛋白和肌酸，所述乳铁蛋白和肌酸的重量比为4:1-6:1，所述肌酸的用量为83mg/kg/day。_x000D_ 2.权利要求1所述的组合物在改善肌肉质量、肌肉力量以及肌肉功能的应用。_x000D_ 4.一种食品或保健食品或药物，包含权利要求1所述的组合物，在改善肌肉质量、肌肉力量以及肌肉功能的应用。_x000D_ 5.一种食品或保健食品或药物，包含权利要求1所述的组合物，在促进成肌分化的应用。,蛋白类型 > 乳清蛋白 > 乳铁蛋白 | 蛋白功能 > 健骨 | 蛋白功能 > 增肌,蛋白类型 > 乳清蛋白 > 乳铁蛋白,蛋白功能 > 健骨 | 蛋白功能 > 增肌,,milk_protein_labeling_testset/test_gold.csv,legacy_path_reference_only_do_not_override_v2_rules
T014,CN118320064A,乳铁蛋白在改善肌肉衰减和促进成肌分化中的应用,本发明涉及一种乳铁蛋白在改善肌肉衰减和促进成肌分化中的应用。本发明通过采用一定浓度的乳铁蛋白试剂，对由长期注射D‑半乳糖而构建的衰老型小鼠进行营养干预。结果表明，经过营养干预的小鼠的肌肉力量、肌肉质量、肌肉功能、瘦肉含量等指标对比模型组都有明显的改善效果。说明本发明提出的乳铁蛋白营养干预策略对肌肉衰减症的防治及改善均具有重要意义。,1.一种乳铁蛋白在改善肌肉衰减和促进成肌分化中的应用，其特征在于，所述应用为乳铁蛋白在改善肌肉质量、肌肉力量及肌肉功能方面的应用。_x000D_ 2.如权利要求1所述的一种乳铁蛋白在改善肌肉衰减和促进成肌分化中的应用，其特征在于：所述乳铁蛋白的用量为500mg/kg/day。,蛋白类型 > 乳清蛋白 > 乳铁蛋白 | 蛋白功能 > 健骨 | 蛋白功能 > 增肌,蛋白类型 > 乳清蛋白 > 乳铁蛋白,蛋白功能 > 健骨 | 蛋白功能 > 增肌,,milk_protein_labeling_testset/test_gold.csv,legacy_path_reference_only_do_not_override_v2_rules
T015,CN118320066A,改善肌肉衰减和促进成肌分化的组合物及其应用,本发明涉及一种改善肌肉衰减和促进成肌分化的组合物及其应用。本发明通过采用一定浓度的乳铁蛋白和辅酶Q组合物，对由长期注射D‑半乳糖而构建的衰老型小鼠进行营养干预。结果表明，经过营养干预的小鼠的肌肉力量、肌肉质量、肌肉功能、瘦肉含量等指标对比模型组都有明显的改善效果。说明本发明提出的乳铁蛋白营养干预策略对肌肉衰减症的防治及改善均具有重要意义。,1.一种改善肌肉衰减和促进成肌分化的组合物，其特征在于，所述的组合物包括：乳铁蛋白和辅酶Q，所述乳铁蛋白和辅酶Q的质量比为50:1。_x000D_ 2.如权利要求1所述的改善肌肉衰减和促进成肌分化的组合物的应用，其特征在于：_x000D_ 所述应用为所述组合物在改善肌肉质量、肌肉力量及肌肉功能方面的应用。,蛋白类型 > 乳清蛋白 > 乳铁蛋白 | 蛋白功能 > 健骨 | 蛋白功能 > 增肌,蛋白类型 > 乳清蛋白 > 乳铁蛋白,蛋白功能 > 健骨 | 蛋白功能 > 增肌,,milk_protein_labeling_testset/test_gold.csv,legacy_path_reference_only_do_not_override_v2_rules
T016,CN118252256A,一种组合物及其应用、食品,本发明涉及食品技术领域，具体提供了一种组合物及其应用、食品。本发明的组合物由富含乳脂肪球膜的乳清蛋白粉和富含酪蛋白糖巨肽的乳清蛋白粉组成；所述富含乳脂肪球膜的乳清蛋白粉和富含酪蛋白糖巨肽的乳清蛋白粉的质量比为(1‑10)：1。与现有技术相比，本发明提供的质量比为(1‑10)：1富含乳脂肪球膜的乳清蛋白粉和富含酪蛋白糖巨肽的乳清蛋白粉的组合物，对于促进肠道发育具有协同增效的作用能够显著提高肠道的绒毛高度和肠道绒毛隐窝比。,1.一种组合物，其特征在于，由富含乳脂肪球膜的乳清蛋白粉和富含酪蛋白糖巨肽的乳清蛋白粉组成；所述富含乳脂肪球膜的乳清蛋白粉和富含酪蛋白糖巨肽的乳清蛋白粉的质量比为(1-10)：1。_x000D_ 6.如权利要求1～5任一项所述的组合物在制备促进肠道发育产品中的应用。_x000D_ 8.食品，其特征在于，包括如权利要求1～5任一项所述的组合物。,蛋白类型 > 酪蛋白 > 酪蛋白糖聚肽 | 蛋白类型 > 其他乳蛋白 > 脂肪球膜蛋白 | 蛋白功能 > 促进肠道健康,蛋白类型 > 酪蛋白 > 酪蛋白糖聚肽 | 蛋白类型 > 其他乳蛋白 > 脂肪球膜蛋白,蛋白功能 > 促进肠道健康,,milk_protein_labeling_testset/test_gold.csv,legacy_path_reference_only_do_not_override_v2_rules
T017,CN117796531B,一种增加肌肉围度的复合蛋白组合物及其制备方法,本发明提供了一种增加肌肉围度的复合蛋白组合物及其制备方法，涉及食品领域，该组合物包括浓缩乳清蛋白粉、分离乳清蛋白粉、水解乳清蛋白粉、牛初乳粉、α‑乳白蛋白、葡萄糖酸锌和碳酸镁。该发明的复合蛋白组合物组方简单、营养价值高、更易被人体吸收，对增强肌肉组织生长，肌肉纤维恢复的效果较优。,1.一种组合物，其特征在于：按重量份数计，由以下成分组成：60-90份浓缩乳清蛋白粉、2-15份分离乳清蛋白粉、0.2-5份水解乳清蛋白粉、0.2-2份牛初乳粉、0.2-2份α-乳白蛋白、0.04-0.2份葡萄糖酸锌和0.8-3份碳酸镁。_x000D_ 5.如权利要求1-4任一项所述的组合物的制备方法，其特征在于：包括以下步骤：将浓缩乳清蛋白粉、分离乳清蛋白粉、水解乳清蛋白粉、牛初乳粉、α-乳白蛋白、葡萄糖酸锌和碳酸镁混合即得。_x000D_ 6.一种组合物，其特征在于：按重量份数计，由以下成分组成：60-90份浓缩乳清蛋白粉、2-15份分离乳清蛋白粉、0.2-5份水解乳清蛋白粉、0.2-2份牛初乳粉、0.2-2份α-乳白蛋白、0.,蛋白类型 > 乳清蛋白 > α-乳白蛋白 | 蛋白类型 > 其他乳蛋白 > 水解蛋白 | 蛋白功能 > 增肌,蛋白类型 > 乳清蛋白 > α-乳白蛋白 | 蛋白类型 > 其他乳蛋白 > 水解蛋白,蛋白功能 > 增肌,,milk_protein_labeling_testset/test_gold.csv,legacy_path_reference_only_do_not_override_v2_rules
T018,CN117838834B,一种延缓认知功能衰退的组合物及其应用,本发明提供一种延缓认知功能衰退的组合物及其应用，所述组合物包括乳脂肪球膜糖蛋白、乳磷脂、乳肽、维生素B12和茶氨酸。该组合物能够从改善海马形态学结构、突触相关蛋白表达、血脑屏障、调节肠道菌群、抑制海马神经炎症等多个方面减缓认知功能衰退，进而延缓阿尔兹海默症等神经退行性疾病的发生。,1.一种辅助改善记忆的组合物，其特征在于，所述组合物包括乳脂肪球膜糖蛋白、乳磷脂、乳肽、维生素B12和茶氨酸；_x000D_ 所述组合物中，乳脂肪球膜糖蛋白、乳磷脂、乳肽、维生素B12和茶氨酸的质量比为150-250:80-120:150-250:18-22:4-6。_x000D_ 4.一种权利要求1-3任一项所述的组合物的应用，其特征在于，所述应用为以下的一种或两种：_x000D_ （1）在制备辅助改善记忆的产品中的应用；_x000D_ （2）在制备有助于调节肠道菌群的产品中的应用；_x000D_ 所述产品为保健品或药品。_x000D_ 5.一种权利要求1-3任一项所述的组合物的应用，其特征在于，所述应用为以下的一种或多种：_x0,蛋白类型 > 其他乳蛋白 > 脂肪球膜蛋白 | 蛋白类型 > 其他乳蛋白 > 乳肽 | 蛋白功能 > 促进肠道健康 | 蛋白功能 > 抗神经退行性,蛋白类型 > 其他乳蛋白 > 脂肪球膜蛋白 | 蛋白类型 > 其他乳蛋白 > 乳肽,蛋白功能 > 促进肠道健康 | 蛋白功能 > 抗神经退行性,,milk_protein_labeling_testset/test_gold.csv,legacy_path_reference_only_do_not_override_v2_rules
T019,CN115500398B,富含β-酪蛋白配方乳制品及其制备方法,本发明公开了一种富含β‑酪蛋白配方乳制品及其制备方法，包括如下重量份的原料制得：生乳(以固形物计)0‑350份，脱盐乳清粉48‑500份，β‑酪蛋白10‑100份，乳糖0‑300份，结晶果糖0‑87份，低聚果糖0‑50份，稀奶油(以脂肪计)0‑100份，调和植物油21.6‑220份，浓缩乳清蛋白粉4.2‑40份，复配维生素0.36‑4份，复配矿物质0.24‑3份，钙盐0‑10份，磷酸盐0‑12份，钠盐0‑4份，钾盐0‑7份，单双甘油脂肪酸酯0‑1.5份，水0‑800份；且原料的总和为1000份。由于β‑酪蛋白在胃中形成凝块更软，β‑酪蛋白更容易消化，对儿童、孕妇、中老年人肠道弱人群也更有益。,1. 一种富含β-酪蛋白配方乳制品，其特征在于，所述富含β-酪蛋白配方乳制品为婴幼儿配方奶粉，包括如下重量份的原料制得：脱盐乳清粉200-500份，以固形物计的β-酪蛋白粉10-80份，乳糖100-300份，以脂肪计的稀奶油0-100份，调和植物油50-220份，浓缩乳清蛋白粉10-40份，复配维生素1-4份，复配矿物质1-3份，钙盐2-10份，磷酸盐2-12份，钠盐1-4份，钾盐1-7份，水 0-800份；且上述原料的总和为1000份；_x000D_ 所述β-酪蛋白按照如下步骤制备方法获得：_x000D_ （1）将原料乳通过陶瓷膜进行微滤，获得截留液I；_x000D_ 其中，所述微滤的条件为：陶瓷膜的孔径为50-100nm，处理温,蛋白类型 > 酪蛋白 > β-酪蛋白 | 蛋白功能 > 促进肠道健康 | 蛋白功能 > 促进消化,蛋白类型 > 酪蛋白 > β-酪蛋白,蛋白功能 > 促进肠道健康 | 蛋白功能 > 促进消化,,milk_protein_labeling_testset/test_gold.csv,legacy_path_reference_only_do_not_override_v2_rules
T020,CN117204502B,一种β-酪蛋白磷酸肽产品的制备方法及其应用,本发明涉及食品加工技术领域，尤其涉及一种β‑酪蛋白磷酸肽产品的制备方法及其应用。制备包括以下步骤：β‑酪蛋白原料加水溶解后进行酶解，将酶解液进行非特异性分离，将分离液进行富集，得到β‑酪蛋白磷酸肽产品。本发明的方法符合食品安全要求，成本较低且洗脱方便，效率高，适用于工业规模化生产。本发明制备得到的β‑酪蛋白磷酸肽产品中的β‑CPP含量更接近母乳，消化和吸收更亲和宝宝胃肠道，从而实现酪蛋白磷酸肽的母乳化，且研究表明，其有较好的促进钙、铁、锌、硒、锰等元素吸收的生理功能。本发明制备得到的β‑酪蛋白磷酸肽产品可以用于婴幼儿配方食品、婴幼儿辅助食品、调制乳及乳粉、奶酪、饮料及谷物类食品。,1.一种β-酪蛋白磷酸肽产品的制备方法，其特征在于，_x000D_ 至少包括以下步骤：_x000D_ S1、β-酪蛋白原料加水溶解后进行酶解，得到含有β-酪蛋白磷酸肽的酶解液，其中，将β-酪蛋白原料溶解后，先加入胃蛋白酶进行第一次酶解；再加入淀粉酶、脂肪酶、胰蛋白酶、糜蛋白酶和弹性蛋白酶进行第二次酶解；酶解后水浴加热灭酶；_x000D_ 所述第一次酶解的温度为35℃～39℃，时间为1～2小时；_x000D_ 所述第二次酶解的温度为40℃～55℃，时间为1～2小时，pH值为7.0～8.0；_x000D_ S2、将所述酶解液进行非特异性分离，得到分离液；_x000D_ S3、将所述分离液采用表面修饰的介孔不定型磷酸钙微球进行富集，得到β,蛋白类型 > 其他乳蛋白 > 乳肽 | 分离技术手段 > 定向酶解 | 分离技术手段 > 色谱 | 蛋白功能 > 促进消化,蛋白类型 > 其他乳蛋白 > 乳肽,蛋白功能 > 促进消化,分离技术手段 > 定向酶解 | 分离技术手段 > 色谱,milk_protein_labeling_testset/test_gold.csv,legacy_path_reference_only_do_not_override_v2_rules
T021,CN117837638A,含牛初乳和乳铁蛋白的营养组合物、食品及用途,本发明涉及营养组合物，其由牛初乳和乳铁蛋白组成，其中相对于1质量份的牛初乳，乳铁蛋白为0.002‑5.0质量份。本发明还涉及包括所述营养组合物的食品。本发明还涉及牛初乳和/或乳铁蛋白在用于经由母婴传递改善高龄孕产妇喂养的后代的免疫力和肠道菌群并且同时改善高龄孕产妇的免疫力中的非治疗目的的用途。,1.一种营养组合物，其由如下组成：_x000D_ 牛初乳；和_x000D_ 乳铁蛋白，_x000D_ 其中相对于1质量份的牛初乳，乳铁蛋白为0.002-5.0质量份。_x000D_ 5.食品，其包括如权利要求1-4任一项所述的营养组合物。_x000D_ 9.牛初乳和/或乳铁蛋白在经由母婴传递改善高龄孕产妇喂养的后代的免疫力和肠道菌群并且同时改善高龄孕产妇的免疫力中的非治疗目的的用途。,蛋白类型 > 乳清蛋白 > 乳铁蛋白 | 蛋白功能 > 免疫调节 | 蛋白功能 > 促进肠道健康,蛋白类型 > 乳清蛋白 > 乳铁蛋白,蛋白功能 > 免疫调节 | 蛋白功能 > 促进肠道健康,,milk_protein_labeling_testset/test_gold.csv,legacy_path_reference_only_do_not_override_v2_rules
T022,CN115997937B,含有乳脂肪球膜的营养组合物、用途及食品,本发明提供了含有乳脂肪球膜的营养组合物、用途及食品，所述营养组合物中包括乳脂肪球膜组分(MFGM)和碱性蛋白组分，其中，以质量计，所述碱性蛋白与MFGM的含量比为1:100以上，该营养组合物具有对骨骼健康(骨骼发育、改善骨密度，调节骨代谢)协同增益的促进作用。,1.一种营养组合物，其特征在于，所述营养组合物中包括乳脂肪球膜MFGM和初乳碱性蛋白CBP；其中，以质量计，所述初乳碱性蛋白CBP与乳脂肪球膜MFGM的含量比为1:100～1:10。_x000D_ 4.一种食品，其为一种营养食品或保健食品，其特征在于，所述食品包括或使用了作为原料的权利要求1～3任一项所述的营养组合物。_x000D_ 9.权利要求1～3任一项所述的营养组合物或者权利要求4～8任一项所述的食品用于非治疗目的的促进骨骼健康的用途。,蛋白类型 > 乳清蛋白 > 牛乳碱性蛋白 | 蛋白类型 > 其他乳蛋白 > 脂肪球膜蛋白 | 蛋白功能 > 健骨,蛋白类型 > 乳清蛋白 > 牛乳碱性蛋白 | 蛋白类型 > 其他乳蛋白 > 脂肪球膜蛋白,蛋白功能 > 健骨,,milk_protein_labeling_testset/test_gold.csv,legacy_path_reference_only_do_not_override_v2_rules
T023,CN117441900B,功能性营养组合物及其用途,本发明涉及一种功能性营养组合物的用途，所述组合物包含如下两个必要组分：i）酪蛋白磷酸肽，和ii）双歧杆菌属益生菌；并且，在所述组合物中，所述i）酪蛋白磷酸肽与ii）双歧杆菌属益生菌的比例按照如下配置：酪蛋白磷酸肽有效量:双歧杆菌属益生菌有效量为（50mg～380mg）:（1.00×109CFU～1.20×1011CFU）。相比单独的酪蛋白磷酸肽或双歧杆菌属益生菌，本发明提供的组合物可以更加有效的增强免疫力，也可以具有较好的抗氧化作用。,1.一种功能性营养组合物在制备具有改善人体免疫力和/或提高人体抗氧化能力的功效的组合物中的用途，其特征在于，所述功能性营养组合物包括如下两个必要组分：_x000D_ i）酪蛋白磷酸肽，_x000D_ ii）双歧杆菌属益生菌；_x000D_ 并且，在所述功能性营养组合物中，所述i）酪蛋白磷酸肽与ii）双歧杆菌属益生菌的比例按照如下配置：_x000D_ 酪蛋白磷酸肽有效量：双歧杆菌属益生菌有效量为（120mg～380mg）:（1.00×109CFU～1.20×1011CFU），_x000D_ 其中，所述双歧杆菌属益生菌为长双歧杆菌长亚种BB536。_x000D_ 7.一种功能性营养组合物在制备具有改善人体免疫力和/或提高人体抗氧化能力的,蛋白类型 > 其他乳蛋白 > 乳肽 | 蛋白功能 > 免疫调节 | 蛋白功能 > 抗氧化,蛋白类型 > 其他乳蛋白 > 乳肽,蛋白功能 > 免疫调节 | 蛋白功能 > 抗氧化,,milk_protein_labeling_testset/test_gold.csv,legacy_path_reference_only_do_not_override_v2_rules
T024,CN113660867B,在胃条件下显示相分离的营养组合物及其制备方法,本发明涉及营养组合物、提供它们的方法及其用途的领域。更具体地，本发明涉及显示出希望的胃消化特性的即食型粉末状婴儿配方乳或即食型粉末状成长配方乳。提供了一种营养组合物，该营养组合物包含酪蛋白、含有α‑乳白蛋白(aLAc)和β‑乳球蛋白(bLac)的乳清蛋白、以及蛋白质包覆的脂肪滴，其中(i)该组合物的蛋白质含量基于总固体为5％至20％(w/w)，优选为7w％‑16w％；(ii)aLac+bLac含量基于总蛋白质水平为至少25％(w/w)；(iii)脂肪含量基于总固体在10％至50％(w/w)的范围内；以及(iv)这些脂肪滴被以2‑10mg/m2的平均蛋白质负荷包被，并且其中在这些脂肪滴上酪蛋白:(aLac+bLac)的重量比率是总组合,1.一种营养组合物，该营养组合物包含酪蛋白、含有α-乳白蛋白(aLac)和β-乳球蛋白(bLac)的乳清蛋白、以及蛋白质包覆的脂肪滴，其中_x000D_ (i)该组合物的蛋白质含量基于总固体为5％至20％(w/w)；_x000D_ (ii)aLac+bLac含量基于总蛋白质水平为至少25％(w/w)；_x000D_ (iii)脂肪含量基于总固体在10％至50％(w/w)的范围内；以及_x000D_ (iv)这些脂肪滴被以2-10mg/m2的平均蛋白质负荷包覆，并且其中在这些脂肪滴上酪蛋白:(aLac+bLac)的重量比率是总组合物中酪蛋白:(aLac+bLac)的重量比率的至少4倍。_x000D_ 22.一种提供根据权利要求1-19,蛋白类型 > 乳清蛋白 > α-乳白蛋白 | 蛋白类型 > 乳清蛋白 > β-乳球蛋白 | 蛋白类型 > 酪蛋白 | 蛋白功能 > 促进消化,蛋白类型 > 乳清蛋白 > α-乳白蛋白 | 蛋白类型 > 乳清蛋白 > β-乳球蛋白 | 蛋白类型 > 酪蛋白,蛋白功能 > 促进消化,,milk_protein_labeling_testset/test_gold.csv,legacy_path_reference_only_do_not_override_v2_rules
T026,EP4137511A4,New composition for use to treat and prevent infections by covid-19 and other coronaviruses,"Disclosed is a novel composition for use to treat and prevent infections by COVID-19 and other coronaviruses, which consists of a food supplement that includes liposome-encapsulated lactoferrin as an essential active ingredient, and other secondary active ingredients, such as a zinc salt and vitamin C, also liposome-en","1.  A composition for use to treat and prevent infections by COVID-19 and other coronaviruses, characterised in that the main active ingredient is liposomal lactoferrin._x000D_ 8.  A use of the composition of the preceding claims to treat and prevent infections by COVID-19 and other coronaviruses at the following doses",蛋白类型 > 乳清蛋白 > 乳铁蛋白 | 蛋白功能 > 增肌 | 蛋白功能 > 治疗呼吸系统疾病,蛋白类型 > 乳清蛋白 > 乳铁蛋白,蛋白功能 > 增肌 | 蛋白功能 > 治疗呼吸系统疾病,,milk_protein_labeling_testset/test_gold.csv,legacy_path_reference_only_do_not_override_v2_rules
T027,CN117337994A,功能性组合物及该组合物的应用,本发明涉及功能性组合物及该组合物的应用，所述组合物包含如下(i)所示的蛋白组分和(ii)所示的益生菌组分两个必要组分：所述蛋白组分(i)，包括骨桥蛋白；所述益生菌组分(ii)，包括双歧杆菌属益生菌中的一种或多种；并且，在所述组合物中，所述蛋白组分(i)中所述骨桥蛋白的质量与所述益生菌组分(ii)中所述双歧杆菌属益生菌的数量的比值为1g：(8×109～3.33×1012)CFU。相比单独的骨桥蛋白或双歧杆菌属益生菌，本发明提供的组合物可以更加有效的增强免疫力，及预防和/或治疗病毒感染性呼吸道疾病，也可以更加有效抑制炎症反应。,1.一种组合物，其特征在于，所述组合物包含如下两个必要组分：(i)所示的蛋白组分和(ii)所示的益生菌组分：_x000D_ 所述蛋白组分(i)，包括骨桥蛋白；_x000D_ 所述益生菌组分(ii)，包括双歧杆菌属益生菌中的一种或多种；_x000D_ 并且，在所述组合物中，所述蛋白组分(i)中所述骨桥蛋白的质量与所述益生菌组分(ii)中所述双歧杆菌属益生菌的数量的比值为1g：(8×109～3.33×1012)CFU。_x000D_ 4.根据权利要求1～3任一项所述的组合物在制备有助于增强免疫力和/或具有抑制炎症反应的能力的产品中的用途。_x000D_ 7.根据权利要求1～3任一项所述的组合物在制备用于预防和/或治疗病毒感染性呼吸道疾病,蛋白类型 > 乳清蛋白 > 骨桥蛋白 | 蛋白功能 > 免疫调节 | 蛋白功能 > 治疗呼吸系统疾病,蛋白类型 > 乳清蛋白 > 骨桥蛋白,蛋白功能 > 免疫调节 | 蛋白功能 > 治疗呼吸系统疾病,,milk_protein_labeling_testset/test_gold.csv,legacy_path_reference_only_do_not_override_v2_rules
T028,CN117304296A,一种驴乳乳清蛋白肽及其制备方法,本发明提供了一种驴乳乳清蛋白肽及其制备方法，涉及酶解肽技术领域。本发明所述乳清蛋白抗氧化肽是以驴乳乳清蛋白为原料，通过蛋白酶酶解后冷冻干燥得到肽粉。所涉及的操作方法如下：将驴乳乳清蛋白水浴加热变性，添加一定量的蛋白酶并超声辅助酶解；冷冻干燥酶解液；研磨过筛得到乳清蛋白肽粉。本发明方法的产物水解度高，得到的肽粉呈乳白色粉末状，味道好，质地均匀，不仅其加工性能优异，配成的水溶液澄清透明，冷藏也不会形成沉淀，而且具有良好的抗氧化活性，能广泛的应用于食品、食品添加剂、保健品等领域。,1.一种驴乳乳清蛋白肽，其特征在于，将驴乳乳清蛋白溶液高温水浴加热后，添加蛋白酶并超声辅助酶解，冷冻干燥后得到驴乳乳清蛋白肽粉。_x000D_ 2.权利要求1所述的驴乳乳清蛋白肽的制备方法，其特征在于，包括如下步骤：_x000D_ 1)热变性处理：将驴乳乳清蛋白溶液置于水浴锅加热至其变性，变性后调节溶液pH；_x000D_ 2)酶解：向步骤1)得到的溶液中加入蛋白酶溶液并对其超声处理，然后在40℃～55℃水浴锅中恒温进行酶解4h，并每隔1h用1M HCl或NaOH溶液维持酶解液的pH，酶解结束后沸水浴灭酶10min，在8000rpm～10000rpm的转速下离心10min～15min，取上清液；_x000D_ 3)冷冻干燥：将步骤2,蛋白类型 > 其他乳蛋白 > 乳肽 | 分离技术手段 > 除膜分离外的物理分离 | 分离技术手段 > 定向酶解 | 蛋白功能 > 抗氧化,蛋白类型 > 其他乳蛋白 > 乳肽,蛋白功能 > 抗氧化,分离技术手段 > 除膜分离外的物理分离 | 分离技术手段 > 定向酶解,milk_protein_labeling_testset/test_gold.csv,legacy_path_reference_only_do_not_override_v2_rules
T029,CN117137008A,孕妇及乳母营养补充组合物及其制备方法,本发明涉及一种孕妇及乳母营养补充组合物及其制备方法，制成所述孕妇及乳母营养补充组合物的原料以重量份数计，包括：乳蛋白组分2510～3860份；膳食纤维组分50～100份；油脂组分20～30份；以及维生素和矿物质，其中，所述乳蛋白组分包括生牛乳组分、乳清蛋白添加组分以及脱脂乳组分；所述乳清蛋白添加组分中，包括α‑乳清蛋白、乳脂球膜蛋白以及骨桥蛋白，所述乳清蛋白添加组分中，α‑乳清蛋白的含量为0.5～10质量％；所述脱脂乳组分中的脂肪含量为2质量％以下，所述油脂组分中的油酸含量为70质量％以上，所述膳食纤维组分中的抗性糊精含量为90质量％以上。,1.一种孕妇及乳母营养补充组合物，其特征在于，制成所述孕妇及乳母营养补充组合物的原料以重量份数计，包括：_x000D_ 乳蛋白组分2510～3860份_x000D_ 膳食纤维组分50～100份_x000D_ 油脂组分20～30份_x000D_ 以及维生素和矿物质，_x000D_ 其中，所述乳蛋白组分包括生牛乳组分、乳清蛋白添加组分以及脱脂乳组分；_x000D_ 所述乳清蛋白添加组分中，包括α-乳白蛋白和乳脂球膜蛋白；_x000D_ 所述脱脂乳组分中的脂肪含量为2质量％以下；_x000D_ 所述油脂组分中的油酸含量为70质量％以上；_x000D_ 所述膳食纤维组分中的抗性糊精含量为90质量％以上。_x000D_ 7.根据权利要求1～6,蛋白类型 > 乳清蛋白 > α-乳白蛋白 | 蛋白类型 > 乳清蛋白 > 骨桥蛋白 | 蛋白类型 > 其他乳蛋白 > 脂肪球膜蛋白 | 蛋白功能 > 降糖,蛋白类型 > 乳清蛋白 > α-乳白蛋白 | 蛋白类型 > 乳清蛋白 > 骨桥蛋白 | 蛋白类型 > 其他乳蛋白 > 脂肪球膜蛋白,蛋白功能 > 降糖,,milk_protein_labeling_testset/test_gold.csv,legacy_path_reference_only_do_not_override_v2_rules
T030,CN117016792A,一种具有补铁和抑菌功效的胶冻及其制备方法,本发明提供了一种具有补铁和抑菌功效的胶冻及其制备方法。制备的主要步骤为：1)乳铁蛋白‑百里酚复合物的制备；2)果冻液的制备；3)果冻制备。本发明具有补铁、抑菌、提高人体免疫力及抗氧化活性等功效，利用现代化食品的制作手段，不但具备食用卫生方便，香甜可口，而且具有保健养身之功效。,1.一种具有补铁和抑菌功效的胶冻，其特征在于：_x000D_ (1)果冻的制备原料配方以质量百分比记，包括魔芋胶0.3～0.5％、果胶0.3～0.5％、黄原胶0.3～0.5％、卡拉胶0.3～0.5％、琼脂0.3～0.5％、乳铁蛋白0.04～0.1％、百里香酚0.005～0.01％、碳酸亚铁0.005～0.01％、三氯蔗糖5～20％、柠檬酸0.1～0.5％、食用色素0.05～0.15％，余量是水；_x000D_ (2)乳铁蛋白和百里酚溶液中的乙醇浓度不超过0.5％，确保乙醇含量不超标；_x000D_ (3)调配乳铁蛋白温度控制在30～45℃，以保证乳铁蛋白充分的活性；_x000D_ (4)添加碳酸亚铁作为乳铁蛋白的铁离子补充剂，以达到,蛋白类型 > 乳清蛋白 > 乳铁蛋白 | 蛋白功能 > 免疫调节 | 蛋白功能 > 抗菌抗病毒 | 蛋白功能 > 抗氧化 | 蛋白功能 > 治疗贫血,蛋白类型 > 乳清蛋白 > 乳铁蛋白,蛋白功能 > 免疫调节 | 蛋白功能 > 抗菌抗病毒 | 蛋白功能 > 抗氧化 | 蛋白功能 > 治疗贫血,,milk_protein_labeling_testset/test_gold.csv,legacy_path_reference_only_do_not_override_v2_rules
T031,CN116584653A,组合物在预防或缓解婴幼儿肠绞痛中的应用,本发明属于食品或医药领域，具体公开了组合物在制备预防、减少或缓解婴幼儿肠绞痛的食品、预防或治疗婴幼儿肠绞痛的药物或者改善婴幼儿上火症状和/或婴幼儿上火行为表现的食品或药物中的用途；其中，所述组合物包含棕榈酸甘油酯、a‑乳清蛋白、β‑酪蛋白以及选自乳双歧杆菌、动物双歧杆菌、长双岐杆菌、短双歧杆菌、青春双歧杆菌、两歧双歧杆菌和婴儿双歧杆菌中至少一种双歧杆菌；其中，按照棕榈酸计算，棕榈酸甘油酯中含有15％以上重量的Sn‑2棕榈酸甘油酯。,1.组合物在制备预防、减少或缓解婴幼儿肠绞痛的食品或者改善婴幼儿上火症状和/或婴幼儿上火行为表现的食品中的用途；其中，_x000D_ 所述组合物包含棕榈酸甘油酯、a-乳清蛋白、β-酪蛋白以及双歧杆菌BB12和双歧杆菌HN019；其中，_x000D_ 按照棕榈酸计算，棕榈酸甘油酯中含有30％以上重量的Sn-2棕榈酸甘油酯；_x000D_ 其中，组合物中，a-乳清蛋白、β-酪蛋白以及Sn-2棕榈酸甘油酯之间的重量比为(1-10):(1-10):(1-10)；_x000D_ 其中，组合物中，双歧杆菌的活菌数按照每克a-乳清蛋白计为107～1013CFU；_x000D_ 其中，组合物中，双歧杆菌BB12与双歧杆菌HN019的活菌数比例为(1,蛋白类型 > 乳清蛋白 > α-乳白蛋白 | 蛋白类型 > 酪蛋白 > β-酪蛋白 | 蛋白功能 > 促进肠道健康 | 蛋白功能 > 镇静止痛,蛋白类型 > 乳清蛋白 > α-乳白蛋白 | 蛋白类型 > 酪蛋白 > β-酪蛋白,蛋白功能 > 促进肠道健康 | 蛋白功能 > 镇静止痛,,milk_protein_labeling_testset/test_gold.csv,legacy_path_reference_only_do_not_override_v2_rules
T032,CN116530575A,提高食品中的蛋白质消化性能的方法及蛋白组合物与含其的食品,本发明提供了提高食品中的蛋白质消化性能的方法及蛋白组合物与含其的食品。该方法是将食品中的α‑乳清蛋白的含量控制为10.5％‑51.0％，β‑酪蛋白的含量控制为10.0％‑40.0％，以上含量均以所述食品中的总蛋白含量为100％计。本发明还提供了一种蛋白组合物以及含有该蛋白组合物的食品。采用本发明的技术方案能够显著提高食品中的乳清蛋白的消化性能。,1.一种提高食品中的蛋白质消化性能的方法，其是将食品中的α-乳清蛋白的含量控制为10.5％-51.0％，β-酪蛋白的含量控制为10.0％-40.0％，以上含量均以所述食品中的总蛋白含量为100％计。_x000D_ 11.一种蛋白组合物，其中，以该蛋白组合物的总蛋白含量为100％计，该蛋白组合物含有10.5％-51.0％的α-乳清蛋白和10.0％-40.0％的β-酪蛋白。_x000D_ 18.一种食品，其含有权利要求11-16任一项所述的蛋白组合物，并且，以该食品的总蛋白含量为100％计，该食品含有10.5％-51.0％的α-乳清蛋白和10.0％-40.0％的β-酪蛋白；_x000D_ 优选地，该食品含有15.0％-51.0％的α-乳,蛋白类型 > 乳清蛋白 > α-乳白蛋白 | 蛋白类型 > 酪蛋白 > β-酪蛋白 | 蛋白功能 > 促进消化,蛋白类型 > 乳清蛋白 > α-乳白蛋白 | 蛋白类型 > 酪蛋白 > β-酪蛋白,蛋白功能 > 促进消化,,milk_protein_labeling_testset/test_gold.csv,legacy_path_reference_only_do_not_override_v2_rules
T033,CN116490081A,用于改善胃肠耐受性的天然乳清蛋白组合物,本发明涉及一种用于在胃肠耐受不良的治疗和/或预防中使用的天然乳清蛋白组合物，其具有大量的天然乳清蛋白并且具有β‑酪蛋白。本发明人发现，β‑酪蛋白相对较高而κ‑酪蛋白和α‑酪蛋白相对较低的天然乳清蛋白组合物对胃肠耐受不良提供有益作用。,1.一种用于在胃肠耐受不良的治疗和/或预防中使用的天然乳清蛋白组合物，所述天然乳清蛋白组合物包含β-酪蛋白和天然乳清蛋白，其中所述天然乳清蛋白组合物已经过巴氏杀菌。_x000D_ 17.一种营养组合物，所述营养组合物包含3至7g脂质/100kcal、1.25至5g蛋白质/100kcal和6至18g可消化碳水化合物/100kcal，_x000D_ 其中所述蛋白质级分由乳清蛋白和β-酪蛋白组成，并且基本上不含α-酪蛋白和κ-酪蛋白，优选地包含基于所述蛋白质级分的总蛋白质重量小于6重量％、优选地小于4重量％、更优选地小于2重量％的α-酪蛋白和κ-酪蛋白之和，并且其中所述配方任选地包含添加的游离氨基酸，_x000D_ 其中乳清蛋白与β-酪蛋,蛋白类型 > 乳清蛋白 | 蛋白类型 > 酪蛋白 > β-酪蛋白 | 分离技术手段 > 膜分离 > 过滤，超滤或反渗透 | 蛋白功能 > 促进肠道健康,蛋白类型 > 乳清蛋白 | 蛋白类型 > 酪蛋白 > β-酪蛋白,蛋白功能 > 促进肠道健康,分离技术手段 > 膜分离 > 过滤，超滤或反渗透,milk_protein_labeling_testset/test_gold.csv,legacy_path_reference_only_do_not_override_v2_rules
T034,CN116391759A,一种降低大肠杆菌引起的感染风险的组合物及其用途,"本发明属于功能性食品技术领域，具体涉及一种降低大肠杆菌引起的感染风险的组合物及其用途。所述组合物包含以下一种或多种牛乳来源活性成分：乳铁蛋白(Lactoferrin,LF)、骨桥蛋白(Osteopontin,OPN)、乳脂球膜(Milk Fat Globule Membrane,MFGM)或6’‑唾液酸基乳糖(6’‑Sialyllactose,6’‑SL)。在所述组合物中，LF对大肠杆菌具有直接杀灭作用，OPN、MFGM或6’‑SL增强LF对大肠杆菌的杀灭作用，LF、OPN、MFGM、6’‑SL均降低大肠杆菌在肠上皮上的黏附作用。本发明组合物中的各种成分具有协同杀灭大肠杆菌以及降低大肠杆菌在肠黏膜上皮黏附的作用，且本发明组合物中的这","1.一种降低大肠杆菌引起的感染风险的组合物，其特征在于：所述组合物包含以下一种或多种牛乳来源活性成分：乳铁蛋白(Lactoferrin,LF)、骨桥蛋白(Osteopontin,OPN)、乳脂球膜(Milk Fat Globule Membrane,MFGM)或6’-唾液酸基乳糖(6’-Sialyllactose,6’-SL)。_x000D_ 8.权利要求1至7中任一项所述的组合物在制备配方奶粉或营养组合物产品中的用途。",蛋白类型 > 乳清蛋白 > 乳铁蛋白 | 蛋白类型 > 乳清蛋白 > 骨桥蛋白 | 蛋白类型 > 其他乳蛋白 > 脂肪球膜蛋白 | 蛋白功能 > 抗菌抗病毒,蛋白类型 > 乳清蛋白 > 乳铁蛋白 | 蛋白类型 > 乳清蛋白 > 骨桥蛋白 | 蛋白类型 > 其他乳蛋白 > 脂肪球膜蛋白,蛋白功能 > 抗菌抗病毒,,milk_protein_labeling_testset/test_gold.csv,legacy_path_reference_only_do_not_override_v2_rules
T035,AU2021269327A1,A method for producing a lactoferrin powder and uses thereof,Disclosed herein is a process for producing a lactoferrin powder. The process comprises extracting lactoferrin from a native lactoferrin-containing substance and concentrating the extracted lactoferrin to produce a liquid concentrate in which the lactoferrin has an improved heat stability. The liquid concentrate is the,"1. A process for producing a lactoferrin powder, the process comprising: _x000D_ extracting lactoferrin from a native lactoferrin-containing substance and concentrating _x000D_ the extracted lactoferrin to produce a liquid concentrate in which the lactoferrin has an _x000D_ improved heat stability; _x000D_ heating the ",蛋白类型 > 乳清蛋白 > 乳铁蛋白 | 分离技术手段 > 膜分离 > 过滤，超滤或反渗透 | 分离技术手段 > 色谱 > 离子交换 | 蛋白功能 > 抗菌抗病毒,蛋白类型 > 乳清蛋白 > 乳铁蛋白,蛋白功能 > 抗菌抗病毒,分离技术手段 > 膜分离 > 过滤，超滤或反渗透 | 分离技术手段 > 色谱 > 离子交换,milk_protein_labeling_testset/test_gold.csv,legacy_path_reference_only_do_not_override_v2_rules
T036,JP7265322B2,運動による鉄吸収阻害の抑制剤及びその製造方法,【課題】生体内での鉄の利用の阻害を抑制することができ、かつ、摂取しても副作用のリスクがない剤を提供する。_x000D_ 【解決手段】乳由来タンパク質の加水分解物を有効成分として含む、運動による鉄吸収阻害の抑制剤。該剤は、好ましくは、鉄を含まずかつ運動前に摂取するための剤である。該剤は、好ましくは、摂取者が体重1kg当たり0.01〜5g/日の量で摂取するためのものである。該剤の製造方法は、乳由来タンパク質を、タンパク質分解酵素(例えば、微生物プロテアーゼ)を用いて加水分解して、乳由来タンパク質の加水分解物を得る加水分解工程を含む。_x000D_ 【選択図】なし,【請求項1】_x000D_  乳由来タンパク質の加水分解物を有効成分として含む運動による鉄吸収阻害の抑制剤であって、 _x000D_  前記乳由来タンパク質の加水分解物は、ホエイタンパク質単離物の加水分解物であって、数平均分子量が４００～８００で、重量平均分子量が５００～１，２００で、重量平均分子量と数平均分子量の比が１．０～１．４のペプチドである、運動による鉄吸収阻害の抑制剤。,蛋白类型 > 其他乳蛋白 > 乳肽 | 蛋白功能 > 促进肠道健康 | 蛋白功能 > 治疗贫血,蛋白类型 > 其他乳蛋白 > 乳肽,蛋白功能 > 促进肠道健康 | 蛋白功能 > 治疗贫血,,milk_protein_labeling_testset/test_gold.csv,legacy_path_reference_only_do_not_override_v2_rules
T037,CN115992195A,促进骨骼发育的水牛酪蛋白水解肽制备方法与应用,本发明属于乳制品加工技术领域，具体涉及促进骨骼发育的水牛酪蛋白水解肽制备方法与应用。该制备方法包括：将水牛酪蛋白溶解于水中获得酪蛋白水溶液；调节酪蛋白水溶液pH值至3.0，加入模拟胃液，并加入CaCl2、胃蛋白酶和胃脂酶；置于37℃下保温0.1～2h，获得水牛酪蛋白酶解液1；调节水牛酪蛋白酶解液1pH值至7.0，加入模拟肠液，并加入胆盐、CaCl2和胰酶；置于37℃下保温0.1～2h，获得水牛酪蛋白酶解液2；采用膜分离技术对水牛酪蛋白酶解液2进行分离，获取分子量小于1kDa的渗透物；并将渗透物进行浓缩、干燥获得水牛酪蛋白水解肽。该方法酶解效率高，目标功能肽的含量达到1.5％～3.5％。,1.一种促进骨骼发育的水牛酪蛋白水解肽制备方法，其特征在于，所述制备方法具体包括以下步骤：_x000D_ S1:将水牛酪蛋白溶解于42～48℃的水中获得酪蛋白水溶液；_x000D_ S2:用浓盐酸调节所述酪蛋白水溶液的pH值至3.0，加入等体积的模拟胃液，并依次加入CaCl2溶液，胃蛋白酶和胃脂酶获得混合液1；将所述混合液1置于37℃条件下保温0.1～2h，获得水牛酪蛋白酶解液1；_x000D_ S3:用3mol/LNaOH溶液调节所述水牛酪蛋白酶解液1的pH值至7.0，加入等体积的模拟肠液，并依次加入胆盐、CaCl2溶液和胰酶获得混合液2；将所述混合液2置于37℃条件下保温0.1～2h，获得水牛酪蛋白酶解液2；_x000D_ S4,蛋白类型 > 其他乳蛋白 > 乳肽 | 分离技术手段 > 定向酶解 | 蛋白功能 > 健骨,蛋白类型 > 其他乳蛋白 > 乳肽,蛋白功能 > 健骨,分离技术手段 > 定向酶解,milk_protein_labeling_testset/test_gold.csv,legacy_path_reference_only_do_not_override_v2_rules
T038,CN111227046B,乳制品在改善婴幼儿肠道SIgA水平中的应用,本发明属于食品或医药领域，公开了乳制品在制备改善婴幼儿肠道SIgA水平的食品或药物、或者在制备预防或治疗由婴幼儿肠道SIgA水平异常所引起的免疫性疾病或胃肠道疾病的食品或药物中的用途；其中，乳制品包含：提供蛋白质的原料、提供脂肪的原料和双歧杆菌；其中，提供蛋白质的原料选自动物乳、乳粉、乳清蛋白粉和β‑酪蛋白，并且，提供蛋白质的原料中至少含有a‑乳清蛋白和β‑酪蛋白；提供脂肪的原料中至少含有棕榈酸甘油酯，并且，按照棕榈酸计算，棕榈酸甘油酯中含有15％以上重量的Sn‑2棕榈酸甘油酯；双歧杆菌选自乳双歧杆菌、动物双歧杆菌、长双岐杆菌、短双歧杆菌、青春双歧杆菌、两歧双歧杆菌和婴儿双歧杆菌中至少一种。,1.乳制品在制备预防或治疗由婴幼儿肠道SIgA水平异常升高所引起的免疫性疾病或胃肠道疾病的药物中的用途；其中，由婴幼儿肠道SIgA水平异常升高所引起的免疫性疾病选自过敏和乳糜泻，由婴幼儿肠道SIgA水平异常升高所引起的胃肠道疾病选自炎性肠病和消化道黏膜损伤；_x000D_ 其中，所述乳制品包含：提供蛋白质的原料、提供脂肪的原料和双歧杆菌；其中，_x000D_ 提供蛋白质的原料选自动物乳、乳粉、乳清蛋白粉和β-酪蛋白，并且，提供蛋白质的原料中至少含有α-乳清蛋白和β-酪蛋白；_x000D_ 提供脂肪的原料中至少含有棕榈酸甘油酯，并且，按照棕榈酸计算，棕榈酸甘油酯中含有30％以上重量的Sn-2棕榈酸甘油酯；_x000D_ 双歧杆菌为双歧,蛋白类型 > 乳清蛋白 > α-乳白蛋白 | 蛋白类型 > 酪蛋白 > β-酪蛋白 | 蛋白功能 > 免疫调节 | 蛋白功能 > 促进肠道健康,蛋白类型 > 乳清蛋白 > α-乳白蛋白 | 蛋白类型 > 酪蛋白 > β-酪蛋白,蛋白功能 > 免疫调节 | 蛋白功能 > 促进肠道健康,,milk_protein_labeling_testset/test_gold.csv,legacy_path_reference_only_do_not_override_v2_rules
T039,CN115594748A,一种α-乳白蛋白肽及其制备方法和应用,本发明涉及食品加工领域，尤其涉及一种α‑乳白蛋白肽及其制备方法和应用。所述α‑乳白蛋白肽的制备方法包括：以α‑乳白蛋白乳液为原料，经超高压处理后，再进行酶解反应制得酶解物；所述酶解反应使用的酶为胃蛋白酶和胰蛋白酶。本发明发现，采用超高压处理α‑乳白蛋白乳液，可以在一定程度上改变α‑乳白蛋白的抗氧化性和结构；进一步地，采用上述两种酶进行酶解后，可以显著提高产物中具有抗氧化功能的肽的含量，进而大幅度改善了产物的抗氧化功能。,1.一种α-乳白蛋白肽的制备方法，其特征在于，包括：以α-乳白蛋白乳液为原料，经超高压处理后，再进行酶解反应制得酶解物；_x000D_ 所述酶解反应使用的酶为胃蛋白酶和胰蛋白酶。_x000D_ 9.一种α-乳白蛋白肽，其特征在于，利用权利要求1～8任一项所述的制备方法制得。_x000D_ 10.权利要求9所述的α-乳白蛋白肽在制备药品、食品或食品添加剂中的应用；_x000D_ 优选地，所述药品、食品或食品添加剂具有抗氧化的功能。,蛋白类型 > 其他乳蛋白 > 乳肽 | 蛋白功能 > 抗氧化 | 蛋白功能 > 促进消化,蛋白类型 > 其他乳蛋白 > 乳肽,蛋白功能 > 抗氧化 | 蛋白功能 > 促进消化,,milk_protein_labeling_testset/test_gold.csv,legacy_path_reference_only_do_not_override_v2_rules
T040,JP7198749B2,栄養組成物,【課題】良好な風味及び安定した物性を有し、高カロリーの栄養組成物を提供する。_x000D_ 【解決手段】栄養組成物は、タンパク質源を含有する。栄養組成物のタンパク質源は、ホエイタンパク質及びホエイペプチドを含有する。栄養組成物のタンパク質源の総重量に対するホエイタンパク質の重量とホエイペプチドの重量との合計の比率は、80重量%以上である。栄養組成物のタンパク質エネルギー比は、16%以上かつ50%未満である。栄養組成物は、酸性である。栄養組成物は、100kcal/100ml以上のカロリー密度を有する。_x000D_ 【選択図】なし,【請求項1】_x000D_  流動性の栄養組成物であって、_x000D_  ホエイタンパク質及びホエイペプチドを含むタンパク質源を含有し、_x000D_  前記タンパク質源の総重量に対する前記ホエイタンパク質の重量と前記ホエイペプチドの重量との合計の比率は、８０重量％以上であり、_x000D_  前記ホエイタンパク質の重量と前記ホエイペプチドの重量との比率は、５：１～１：１０であり、 _x000D_  タンパク質エネルギー比が１６％以上かつ５０％未満であり、_x000D_  １００ｋｃａｌ／１００ｍｌ以上のカロリー密度を有し、_x000D_  ＥＰＡを１～１００ｍｇ／１００ｋｃａｌで含有し、ＤＨＡを１～１００ｍｇ／１００ｋｃａｌで含,蛋白类型 > 其他乳蛋白 > 乳肽 | 蛋白功能 > 健骨 | 蛋白功能 > 增肌,蛋白类型 > 其他乳蛋白 > 乳肽,蛋白功能 > 健骨 | 蛋白功能 > 增肌,,milk_protein_labeling_testset/test_gold.csv,legacy_path_reference_only_do_not_override_v2_rules
T041,CN115517368A,一种用于运动后机能恢复的乳清蛋白粉及其制备方法,本发明公开了一种用于运动后机能恢复的乳清蛋白粉，用于运动后机能恢复的乳清蛋白粉，由以下成分组成：酪蛋白糖巨肽和乳清蛋白粉；酪蛋白糖巨肽和乳清蛋白粉的质量比为1：(3‑6)。本发明的乳清蛋白粉几乎不含乳糖和脂肪，同时富含丰富的必需氨基酸。作为糖尿病患者的最佳蛋白补充剂，SP‑9225浓缩乳清蛋白粉有效改善肌肉对胰岛素的敏感度，有效提升人体谷氨酰胺水平，支持肌肉蛋白质的合成、修复运动后的肌肉损伤、促进运动后恢复，降低肌肉流失、减少老年人骨质流失、减少骨质疏松的发生，同时在癌症患者治疗过程中可以提供能量物质基础，是癌症患者的优质营养补充来源，也是乳糖不耐患者的唯一口粮。,1.一种用于运动后机能恢复的乳清蛋白粉，其特征在于，由以下成分组成酪蛋白糖巨肽(CGMP)和乳清蛋白粉(SP-9225)。,蛋白类型 > 乳清蛋白 > WPC80 | 蛋白类型 > 酪蛋白 > 酪蛋白糖聚肽 | 分离技术手段 > 膜分离 > 过滤，超滤或反渗透 | 蛋白功能 > 降糖 | 蛋白功能 > 健骨,蛋白类型 > 乳清蛋白 > WPC80 | 蛋白类型 > 酪蛋白 > 酪蛋白糖聚肽,蛋白功能 > 降糖 | 蛋白功能 > 健骨,分离技术手段 > 膜分离 > 过滤，超滤或反渗透,milk_protein_labeling_testset/test_gold.csv,legacy_path_reference_only_do_not_override_v2_rules
T043,CN115316660A,营养组合物、包含其的食品以及该营养组合物的用途,本发明涉及营养组合物、包含其的食品以及该营养组合物的用途。所述营养组合物包含：2’‑岩藻糖基乳糖(2’‑FL)、二十二碳六烯酸(DHA)和骨桥蛋白(OPN)。所述营养组合物可任选地进一步包括：选自酵母β‑葡聚糖和/或聚葡萄糖的碳水化合物；和/或选自酪蛋白磷酸肽(CPP)和/或L‑胱氨酸和/或L‑苯丙氨酸的肽或氨基酸；和/或选自泛酸和/或生物素的维生素；和/或选自柠檬酸钠和/或氯化钾的矿物质。所述营养组合物能够提高婴幼儿大脑发育及智力，尤其是促进神经发育例如促进神经元成熟、突触发生和/或髓鞘形成等。,1.一种营养组合物，其包括2’-岩藻糖基乳糖、二十二碳六烯酸、和骨桥蛋白。,蛋白类型 > 乳清蛋白 > 骨桥蛋白 | 蛋白类型 > 其他乳蛋白 > 乳肽 | 蛋白功能 > 促进脑发育,蛋白类型 > 乳清蛋白 > 骨桥蛋白 | 蛋白类型 > 其他乳蛋白 > 乳肽,蛋白功能 > 促进脑发育,,milk_protein_labeling_testset/test_gold.csv,legacy_path_reference_only_do_not_override_v2_rules
T045,US20220248738A1,"NUTRITIVE COMPOSITIONS WITH SECRETED IgA, MILK FAT GLOBULE MEMBRANE COMPONENTS AND/OR BIFIDOBACTERIUM","This disclosure describes compositions of one or more components including milk fat globule membranes (MFGM) complexes, milk fat globules (MFG), commensal organisms, SlgA, recombinant SlgA (rSlgA), triglycerides or oils, and mammalian milk oligosaccharides (MMO) and the use of such compositions. The reconstituted MFGM ","1. A composition comprising a milk fat globule membrane complex (MFGM), further comprising at least one Bifidobacterium species or subspecies, secretory immunoglobulin A (sIgA), or both._x000D_ 45. A method of preparing MFGM lipids for delivery to the mucous layer of gut epithelium of a mammal, said method comprising t",蛋白类型 > 其他乳蛋白 > 脂肪球膜蛋白 | 蛋白功能 > 免疫调节 | 蛋白功能 > 促进肠道健康 | 蛋白功能 > 抗炎 | 蛋白功能 > 抗菌抗病毒,蛋白类型 > 其他乳蛋白 > 脂肪球膜蛋白,蛋白功能 > 免疫调节 | 蛋白功能 > 促进肠道健康 | 蛋白功能 > 抗炎 | 蛋白功能 > 抗菌抗病毒,,milk_protein_labeling_testset/test_gold.csv,legacy_path_reference_only_do_not_override_v2_rules
T046,CN114794491A,一种改善脑功能的组合物及其制备方法,本发明提供一种改善脑功能的组合物及其制备方法，其包括如下重量份数的组分：MFGM乳脂球膜浓缩乳清蛋白20‑98份、菊粉0.6‑60份、免疫球蛋白0.4‑13.8份、乳铁蛋白0.5‑5份、乳糖0.3‑4份、CGMP乳清蛋白0.2‑1.7份。这种组合物，通过将特殊的MFGM乳脂球膜浓缩乳清蛋白与免疫球蛋白、乳铁蛋白和CGMP乳清蛋白复配，能够有效促进脑内多巴胺上调、预防血管变性和改善神经可塑性，从而增强记忆力，缓解衰老早期的轻度认知障碍。,1.一种改善脑功能的组合物，其特征在于，包括如下重量份数计的组分：_x000D_ MFGM乳脂球膜浓缩乳清蛋白20-98份、菊粉0.6-60份、免疫球蛋白0.4-13.8份、乳铁蛋白0.5-5份、乳糖0.3-4份、CGMP乳清蛋白0.2-1.7份。_x000D_ 8.一种根据权利要求1所述的改善脑功能的组合物的制备方法，其特征在于，包括：_x000D_ 按重量份数，将所述MFGM乳脂球膜浓缩乳清蛋白、菊粉、免疫球蛋白、乳铁蛋白、乳糖和CGMP乳清蛋白混合。,蛋白类型 > 乳清蛋白 > 免疫球蛋白 | 蛋白类型 > 酪蛋白 > 酪蛋白糖聚肽 | 蛋白类型 > 其他乳蛋白 > 脂肪球膜蛋白 | 蛋白功能 > 促进脑发育,蛋白类型 > 乳清蛋白 > 免疫球蛋白 | 蛋白类型 > 酪蛋白 > 酪蛋白糖聚肽 | 蛋白类型 > 其他乳蛋白 > 脂肪球膜蛋白,蛋白功能 > 促进脑发育,,milk_protein_labeling_testset/test_gold.csv,legacy_path_reference_only_do_not_override_v2_rules
T047,CN114502582A,包含分泌型IgA和益生菌的组合物,本发明涉及用于生产包含分泌型IgA和一种或多种益生菌的组合物的方法。具体地，本发明涉及用于生产其中分泌型IgA和一种或多种益生菌缔合的组合物的方法。本发明还涉及可通过所述方法获得的组合物和所述组合物的用途，例如用于减少或预防非病毒感染和/或炎症。,1.一种用于生产包含分泌型IgA和益生菌的组合物的方法，所述方法包括以下步骤：_x000D_ (a)提供呈乳形式或其级分形式的SIgA源；_x000D_ (b)任选地对所述乳进行微滤；_x000D_ (c)在61℃至200℃的温度下对所述乳进行巴氏灭菌；_x000D_ (d)任选地在低于70℃的液体浓缩物温度下喷雾干燥；_x000D_ (e)与所述益生菌混合，其中所述混合在1℃至45℃的温度下进行10分钟至1440分钟的持续时间；以及_x000D_ (f)任选地在低于70℃的液体浓缩物温度下喷雾干燥。_x000D_ 12.一种组合物，所述组合物可使用根据前述权利要求中任一项所述的方法获得。_x000D_ 13.一种产品，所述产品包含,蛋白类型 > 乳清蛋白 > 免疫球蛋白 | 分离技术手段 > 膜分离 > 微滤 | 蛋白功能 > 免疫调节,蛋白类型 > 乳清蛋白 > 免疫球蛋白,蛋白功能 > 免疫调节,分离技术手段 > 膜分离 > 微滤,milk_protein_labeling_testset/test_gold.csv,legacy_path_reference_only_do_not_override_v2_rules
T048,CN114304369A,一种乳清蛋白组合物及其制备方法和应用,本发明涉及蛋白质加工技术领域，公开了一种乳清蛋白组合物及其制备方法和应用。本发明所述乳清蛋白组合物包括乳清蛋白和β‑酪蛋白，其中β‑酪蛋白与乳清蛋白的质量比不低于4.5:95.5。本发明提供的乳清蛋白组合物主要由一种新颖的乳蛋白成分组成，其比市场上其他乳清蛋白具有较慢的消化特性。它是一种富含β‑酪蛋白的可附加微粒化以及复合天然多糖的乳清蛋白浓缩物，能够起到延迟消化促进肌肉合成和提供充足营养的作用。,1.一种乳清蛋白组合物，其特征在于，包括乳清蛋白和β-酪蛋白，其中β-酪蛋白与乳清蛋白的质量比不低于4.5:95.5。_x000D_ 7.一种乳清蛋白组合物的制备方法，其特征在于，脱脂原料乳在0-10℃下低温处理，然后用不小于20nm的膜过滤，透过液通过超滤浓缩除去乳糖，获得含有乳清蛋白和β-酪蛋白的乳清蛋白组合物。_x000D_ 13.权利要求1-6任意一种乳清蛋白组合物或权利要求12所述乳清蛋白组合物在制备营养补充剂、肌肉合成促进剂或乳制品中的应用。_x000D_ 14.权利要求1-6任意一种乳清蛋白组合物或权利要求12所述乳清蛋白组合物在制备具有缓慢消化和/或缓慢释放氨基酸的乳清蛋白类产品中的应用。_x000D_ 15.一种营,蛋白类型 > 乳清蛋白 | 蛋白类型 > 酪蛋白 > β-酪蛋白 | 分离技术手段 > 膜分离 > 过滤，超滤或反渗透 | 蛋白功能 > 增肌,蛋白类型 > 乳清蛋白 | 蛋白类型 > 酪蛋白 > β-酪蛋白,蛋白功能 > 增肌,分离技术手段 > 膜分离 > 过滤，超滤或反渗透,milk_protein_labeling_testset/test_gold.csv,legacy_path_reference_only_do_not_override_v2_rules
T049,CN114176137A,一种高乳清蛋白含量的婴儿奶粉及其制备方法,本发明涉及一种婴儿配方奶粉，具体而言，涉及一种高乳清蛋白含量的婴儿配方奶粉及其制备方法。本发明设计一种乳清蛋白含量占总蛋白质含量90％以上的婴儿配方奶粉，且本配方中酪蛋白全部来自于稀奶油，同时富含乳脂肪球膜蛋白，并进行脂肪酸母乳化设计，添加多聚果糖，维生素，矿物质，叶黄素，核苷酸，胆碱，肌醇，左旋肉碱以及益生菌的婴儿配方奶粉，同时通过全干法可控混合的生产工艺进行制备。最终获得的奶粉有助于婴儿肠道健康，促进营养物质的吸收，免疫力的提高。,1.一种高乳清蛋白含量婴儿配方奶粉，其特征在于：以重量百分比计算，包括以下组分：_x000D_ _x000D_ 9.一种制备权利要求1-10任一项所述的高乳清蛋白含量婴儿配方奶粉的方法，其特征在于：该方法包含如下步骤：_x000D_ A、进料：加油脱盐乳清粉经粉筛及磁力棒后暂存于粉仓中；其他原料经隧道杀菌器紫外杀菌后进入清洁作业区内；_x000D_ B、配料：将多聚果糖、浓缩乳清蛋白粉、乳脂肪球膜蛋白粉、花生四烯酸油脂粉、二十二碳六烯酸油脂粉、复配营养强化剂、复配维生素及复配矿物质按照上述的比例称取原料备用；_x000D_ C、预混：将叶黄素、复配核苷酸、乳双歧杆菌(Bi-07/HN019)按上述比例与适当用量加油脱盐乳清粉在三维预,蛋白类型 > 酪蛋白 | 蛋白类型 > 其他乳蛋白 > 脂肪球膜蛋白 | 蛋白功能 > 免疫调节 | 蛋白功能 > 促进肠道健康,蛋白类型 > 酪蛋白 | 蛋白类型 > 其他乳蛋白 > 脂肪球膜蛋白,蛋白功能 > 免疫调节 | 蛋白功能 > 促进肠道健康,,milk_protein_labeling_testset/test_gold.csv,legacy_path_reference_only_do_not_override_v2_rules
T050,CN114145458A,棕榈酸甘油酯在制备改善或促进人体镁吸收的组合物中的应用,本发明提供了棕榈酸甘油酯在制备改善或促进人体镁吸收的组合物中的应用，具体而言，本发明提供了棕榈酸甘油酯在制备改善或促进人体镁吸收的组合物中的应用，其中以棕榈酸计算，棕榈酸甘油酯中Sn‑2棕榈酸在所有棕榈酸的含量中占35％以上，优选40％以上，更优选46％以上。本发明还提供了棕榈酸甘油酯与α‑乳清蛋白和/或β‑酪蛋白的组合在制备改善或促进婴幼儿对镁吸收的组合物中的应用。本发明中的棕榈酸甘油酯以及棕榈酸甘油酯与α‑乳清蛋白和/或β‑酪蛋白的组合有助于促进或者改善人体对于镁元素的吸收，适用于各个年龄阶段的人，尤其适用于婴幼儿。,1.棕榈酸甘油酯在制备改善或促进人体镁吸收的组合物中的应用，其中，以棕榈酸计算，棕榈酸甘油酯中Sn-2位棕榈酸在所有棕榈酸的含量中占35％以上，优选40％以上，更优选46％以上。_x000D_ 6.棕榈酸甘油酯与α-乳清蛋白和/或β-酪蛋白的组合在制备改善或促进婴幼儿镁吸收的组合物中的应用，其中，以棕榈酸计算，棕榈酸甘油酯中Sn-2位棕榈酸在所有棕榈酸的含量中占35％以上，优选40％以上，更优选46％以上；_x000D_ α-乳清蛋白含量占总蛋白含量的7％以上和/或β-酪蛋白含量占总蛋白含量的13.5％以上。,蛋白类型 > 乳清蛋白 > α-乳白蛋白 | 蛋白类型 > 酪蛋白 > β-酪蛋白 | 蛋白功能 > 健骨 | 蛋白功能 > 促进肠道健康,蛋白类型 > 乳清蛋白 > α-乳白蛋白 | 蛋白类型 > 酪蛋白 > β-酪蛋白,蛋白功能 > 健骨 | 蛋白功能 > 促进肠道健康,,milk_protein_labeling_testset/test_gold.csv,legacy_path_reference_only_do_not_override_v2_rules
T051,CN113747802A,包含胶束酪蛋白浓缩物的液体组合物,本发明涉及包含胶束酪蛋白浓缩物(MCC)、更具体地非牛来源的MCC的液体组合物。本发明进一步涉及包含本发明的液体组合物的食品和用于生产本发明的液体组合物的方法。,1.由山羊来源的胶束酪蛋白浓缩物(MCC)组成的液体组合物，_x000D_ 其中，基于组合物的总干重，所述MCC包含60wt％至90wt％的蛋白质，更优选75wt％至90wt％，其中所述组合物具有至多100mPa·s的动态粘度，其中所述MCC包含至少为85:15的酪蛋白与乳清的比例，并且其中所述组合物的pH为6.5至7.2。_x000D_ 4.食品，其中所述食品是包含山羊来源的胶束酪蛋白浓缩物(MCC)的粉末，其中基于所述MCC的总干重，所述MCC包含30wt％至90wt％的蛋白质，并且其中所述MCC包含至少为85:15的酪蛋白与乳清的比例，并且pH为6.5至7.2，并且其中基于所述食品的总干重，所述食品包含至少8wt％的蛋白质。_,蛋白类型 > 酪蛋白 > 酪蛋白软胶束 | 分离技术手段 > 膜分离 > 过滤，超滤或反渗透 | 分离技术手段 > 膜分离 > 微滤 | 蛋白功能 > 促进消化,蛋白类型 > 酪蛋白 > 酪蛋白软胶束,蛋白功能 > 促进消化,分离技术手段 > 膜分离 > 过滤，超滤或反渗透 | 分离技术手段 > 膜分离 > 微滤,milk_protein_labeling_testset/test_gold.csv,legacy_path_reference_only_do_not_override_v2_rules
T052,CN112890200B,用于促进低体重婴幼儿生长追赶的一种营养组合物,本发明涉及一种包含骨桥蛋白(OPN)和乳低聚糖的营养组合物，所述营养组合物至少包含高浓度骨桥蛋白、一种唾液酸化低聚糖和至少一种N‑乙酰化低聚糖，所述营养组合物可用于婴幼儿的生长追赶及健康生长。,1.一种用于婴幼儿的生长追赶的包含骨桥蛋白和特定母乳低聚糖的营养组合物，其特征在于，所述特定母乳低聚糖至少包含一种唾液酸化低聚糖、一种岩藻糖基化中性低聚糖和一种N-乙酰化中性低聚糖，其中所述唾液酸化低聚糖至少包括3'-唾液酸乳糖(3’-SL)和6'-唾液酸乳糖(6’-SL)，所述岩藻糖基化中性低聚糖包括乳糖二岩藻四糖(LDFT)和2’-岩藻糖基乳糖(2’-FL)，所述N-乙酰化中性低聚糖包括乳糖-N-新四糖(LNnT)；_x000D_ 所述营养组合物包含如下含量的组分：_x000D_ (1)以重量百分比计10％-25％的唾液酸化低聚糖，其中所述唾液酸化低聚糖中包含的3'-唾液酸乳糖(3'-SL)占所述营养组合物总重量的10％-25％,蛋白类型 > 乳清蛋白 > 骨桥蛋白 | 蛋白功能 > 降糖 | 蛋白功能 > 控制体重 | 蛋白功能 > 免疫调节,蛋白类型 > 乳清蛋白 > 骨桥蛋白,蛋白功能 > 降糖 | 蛋白功能 > 控制体重 | 蛋白功能 > 免疫调节,,milk_protein_labeling_testset/test_gold.csv,legacy_path_reference_only_do_not_override_v2_rules
T053,CN113508843A,一种高油水解乳清粉及其制备方法,"本发明涉及食品工程技术领域，提出了一种高油水解乳清粉，包括以下重量份组分：脱盐乳清粉100～150份、富含乳脂肪球膜蛋白乳清蛋白粉30～50份、α‑乳白蛋白粉10～15份、乳糖50～80份、1,3‑二油酸‑2‑棕榈酸甘油三酯6～10份、大豆油120～150份、葵花籽油10～20份、菜籽油30～50份、磷脂5～8份、白菜粉8～10份、抗坏血酸棕榈酸酯1～3份。通过上述技术方案，解决了现有技术中的货架期内稳定性较差问题。","1.一种高油水解乳清粉，其特征在于，包括以下重量份组分：脱盐乳清粉100～150份、富含乳脂肪球膜蛋白乳清蛋白粉30～50份、α-乳白蛋白粉10～15份、乳糖50～80份、1,3-二油酸-2-棕榈酸甘油三酯6～10份、大豆油120～150份、葵花籽油10～20份、菜籽油30～50份、磷脂5～8份、白菜粉8～10份、抗坏血酸棕榈酸酯1～3份。_x000D_ 3.一种高油水解乳清粉的制备方法，其特征在于，包括以下步骤：_x000D_ S1、按照权利要求1～2任意一项所述的高油水解乳清粉的配方，称取各组分备用；_x000D_ S2、1,3-二油酸-2-棕榈酸甘油三酯、大豆油、葵花籽油、菜籽油、磷脂、抗坏血酸棕榈酸酯混合均匀，得到复合油相；",蛋白类型 > 乳清蛋白 > WPC80 | 蛋白类型 > 其他乳蛋白 > 脂肪球膜蛋白 | 分离技术手段 > 定向酶解 | 蛋白功能 > 促进肠道健康,蛋白类型 > 乳清蛋白 > WPC80 | 蛋白类型 > 其他乳蛋白 > 脂肪球膜蛋白,蛋白功能 > 促进肠道健康,分离技术手段 > 定向酶解,milk_protein_labeling_testset/test_gold.csv,legacy_path_reference_only_do_not_override_v2_rules
T054,JP6941445B2,平衡感覚改善剤,【課題】平衡感覚の改善に有用な平衡感覚改善剤の提供。_x000D_ 【解決手段】乳脂肪球皮膜を有効成分とする平衡感覚改善剤。_x000D_ 【選択図】なし,【請求項1】_x000D_ 乳脂肪球皮膜を有効成分とする平衡感覚改善剤。_x000D_ 【請求項2】_x000D_ 乳脂肪球皮膜を有効成分とする平衡感覚改善用食品。,蛋白类型 > 其他乳蛋白 > 脂肪球膜蛋白 | 蛋白功能 > 治疗感觉疾病,蛋白类型 > 其他乳蛋白 > 脂肪球膜蛋白,蛋白功能 > 治疗感觉疾病,,milk_protein_labeling_testset/test_gold.csv,legacy_path_reference_only_do_not_override_v2_rules
T055,AU2021102883A4,Design and evaluation of camel milk as a functional food for anti diabetic property,"DESIGN AND EVALUATION OF CAMEL MILK AS A FUNCTIONAL FOOD FOR ANTI DIABETIC PROPERTY Abstract: Camels have the tendency to yield more food and over longer amounts of time than most certain species in extreme conditions and low feed demands, indicating their success as dairy products. Breed, size, equality, season, diet,","1. From claim 1, the proteins are key elements of camel milk and serve a variety of _x000D_ purposes. Exception of glycine, threonine, valine, and lysine camel milk has a wide _x000D_ volume and variety of amino acids. _x000D_ Industrial camel milk casein has an amino acid _x000D_ structure and an increased protein con",蛋白类型 > 乳清蛋白 > α-乳白蛋白 | 蛋白类型 > 乳清蛋白 > 免疫球蛋白 | 蛋白类型 > 乳清蛋白 > 乳铁蛋白 | 蛋白类型 > 酪蛋白 | 蛋白功能 > 降糖,蛋白类型 > 乳清蛋白 > α-乳白蛋白 | 蛋白类型 > 乳清蛋白 > 免疫球蛋白 | 蛋白类型 > 乳清蛋白 > 乳铁蛋白 | 蛋白类型 > 酪蛋白,蛋白功能 > 降糖,,milk_protein_labeling_testset/test_gold.csv,legacy_path_reference_only_do_not_override_v2_rules
T056,CN112544715A,一种钙强化牛奶的原料组合物、钙强化牛奶及其制备方法,本发明公开了一种钙强化牛奶的原料组合物，所述原料包括0.1465‑0.3808％的乳矿物盐、0.0095‑0.01％的初乳碱性蛋白、0.001‑0.0012％的维生素D、0.025‑0.027％的结冷胶、0.15‑0.2％复配乳化剂，余量为生牛乳经超滤膜过滤的截留液，所述百分比为每种原料占原料总质量百分比。本发明还提供了一种采用上述组合物制备钙强化牛奶的工艺以及制备出的钙强化牛奶产品。本发明制得的产品钙含量和蛋白质含量均要优于市场同类产品，且口感浓厚顺滑，奶香浓郁，常温保质期6个月，并能通过37℃存放2个月的高温破坏性存放实验测试，产品在保质期内和高温破坏性存放实验期间均稳定性良好，无絮凝和严重沉淀分层现象，同时，本发明的钙强化牛奶,1.一种钙强化牛奶的原料组合物，其特征在于，所述原料包括0.1465-0.3808％的乳矿物盐、0.0095-0.01％的初乳碱性蛋白、0.001-0.0012％的维生素D、0.025-0.027％的结冷胶、0.15-0.2％复配乳化剂，余量为生牛乳经超滤膜过滤的截留液，所述百分比为每种原料占原料总质量百分比。_x000D_ 7.一种钙强化牛奶的制备方法，其特征在于，以权利要求1-6中任一所述的钙强化牛奶的原料组合物为原料，并按以下步骤依次进行：_x000D_ (1)将生牛乳经超滤膜过滤的截留液、结冷胶和复配乳化剂混合；_x000D_ (2)向步骤(1)中得到的物料中投入乳矿物盐、初乳碱性蛋白和维生素D，混合，均质，冷却；_x000,蛋白类型 > 乳清蛋白 > 牛乳碱性蛋白 | 分离技术手段 > 膜分离 > 过滤，超滤或反渗透 | 蛋白功能 > 健骨,蛋白类型 > 乳清蛋白 > 牛乳碱性蛋白,蛋白功能 > 健骨,分离技术手段 > 膜分离 > 过滤，超滤或反渗透,milk_protein_labeling_testset/test_gold.csv,legacy_path_reference_only_do_not_override_v2_rules
T057,US10376543B2,Fermented milk product and method for producing the same,"The invention relates to provide a fermented milk product includes angiogenin and/or angiogenin hydrolysate in an amount of 0.9 mg/100 g to 150 mg/100 g, and lactoperoxidase and/or lactoperoxidase hydrolysate in the mass ratio to the angiogenin and/or angiogenin hydrolysate of 0.3 to 23.","1. A fermented milk product comprising angiogenin and/or angiogenin hydrolysate in an amount of 0.9 mg/100 g to 150 mg/100 g and lactoperoxidase and/or lactoperoxidase hydrolysate in the mass ratio to the angiogenin and/or angiogenin hydrolysate of 0.3:1 to 23:1, wherein the fermented milk product is obtained by fermen",蛋白类型 > 乳清蛋白 > 乳过氧化物酶 | 蛋白类型 > 乳清蛋白 > 生长因子 | 分离技术手段 > 色谱 > 离子交换 | 蛋白功能 > 健骨,蛋白类型 > 乳清蛋白 > 乳过氧化物酶 | 蛋白类型 > 乳清蛋白 > 生长因子,蛋白功能 > 健骨,分离技术手段 > 色谱 > 离子交换,milk_protein_labeling_testset/test_gold.csv,legacy_path_reference_only_do_not_override_v2_rules
T058,US20190134096A1,Hyperimmune colostrum in the modulation and treatment of conditions associated with the mammalian microbiome,"Provided are methods and compositions which are applicable for modulating, preventing or treating non-clinical and clinical conditions that are associated with composition of mammalian microbiome. The methods and compositions are based on preparations of hyperimmune colostrum enriched with antibodies for lipopolysaccha","62. A method for modulating a condition associated with composition of mammalian gut microbiome, said method comprising the step of administering to a mammalian subject an effective amount of hyperimmune colostrum preparation/s or of a composition comprising the same._x000D_ 74. A method for treating, preventing, allev",蛋白类型 > 乳清蛋白 > 免疫球蛋白 | 蛋白功能 > 治疗泌尿系统疾病,蛋白类型 > 乳清蛋白 > 免疫球蛋白,蛋白功能 > 治疗泌尿系统疾病,,milk_protein_labeling_testset/test_gold.csv,legacy_path_reference_only_do_not_override_v2_rules
T059,CN108410936A,一种水牛乳抗氧化肽及其分离制备方法,本发明公开了一种水牛乳抗氧化肽及其分离制备方法，属于生物技术领域。其分离制备方法包括：水牛乳经脱脂、调节蛋白质质量分数、杀菌、恒温、调整pH值、添加风味蛋白酶进行酶解、灭酶、冷却酶解液后得到水牛乳酶解产物，再利用凝胶分离柱将水牛乳酶解产物进行分离，洗脱分离过程的检测波长为220nm、280nm以及254nm，收集各洗脱组分，冷冻干燥；其中还原能力、DPPH自由基清除能力、羟自由基清除能力及超氧阴离子清除能力较高的组分，即为水牛乳抗氧化肽。本发明水牛乳抗氧化肽制备方法简单可行，活性肽组分的跟踪、富集效果好，产品活性高。,1.一种水牛乳抗氧化肽的分离制备方法，其特征在于，包括如下步骤：_x000D_ （1）水牛乳→脱脂→调节蛋白质质量分数→杀菌、恒温、调整pH值→添加风味蛋白酶进行酶解→灭酶→冷却酶解液→得到水牛乳酶解产物；_x000D_ （2）采用凝胶过滤分离柱将水牛乳酶解产物中的物质用洗脱液进行洗脱分离，洗脱分离过程的检测波长为220nm，收集各洗脱组分；_x000D_ （3）将步骤（2）的洗脱组分进行冷冻干燥；_x000D_ （4）在步骤（3）的各组分中，筛选并收集基于还原能力、DPPH自由基清除能力、羟自由基清除能力及超氧阴离子清除能力的综合抗氧化能力较高的组分，即为水牛乳抗氧化肽。_x000D_ 7.一种水牛乳抗氧化肽，其特征在于，所述的水,蛋白类型 > 其他乳蛋白 > 乳肽 | 分离技术手段 > 除膜分离外的物理分离 | 分离技术手段 > 定向酶解 | 分离技术手段 > 色谱 | 蛋白功能 > 抗氧化 | 蛋白功能 > 促进消化,蛋白类型 > 其他乳蛋白 > 乳肽,蛋白功能 > 抗氧化 | 蛋白功能 > 促进消化,分离技术手段 > 除膜分离外的物理分离 | 分离技术手段 > 定向酶解 | 分离技术手段 > 色谱,milk_protein_labeling_testset/test_gold.csv,legacy_path_reference_only_do_not_override_v2_rules
T060,MX349966B,Use of sodium caseinate as antineoplastic agent.,"The present invention refers to the use of sodium caseinate as an oncologic agent; which in vitro may block the proliferation, the metabolic activity and induce apoptosis in leukemia cells, but not in the normal hematopoiesis. In addition, the invention refers to the use of sodium caseinate in vivo, where this may exte",-,蛋白类型 > 酪蛋白 > 酪蛋白酸钠 | 蛋白功能 > 抗癌,蛋白类型 > 酪蛋白 > 酪蛋白酸钠,蛋白功能 > 抗癌,,milk_protein_labeling_testset/test_gold.csv,legacy_path_reference_only_do_not_override_v2_rules
